Date,Service,DailyCost_USD,Is_Anomaly,Residual,STL_Anomaly,Z_Score,ZScore_Anomaly,IsoForest_Label,IsoForest_Anomaly
2025-01-01,AmazonEC2,122.48,False,-0.661256779203157,False,-0.5173964103217512,False,1,False
2025-01-02,AmazonEC2,119.41,False,0.4034948836449672,False,-0.62664128423573,False,1,False
2025-01-03,AmazonEC2,123.44,False,-0.7316969178306749,False,-0.4832351468177061,False,1,False
2025-01-04,AmazonEC2,92.92,False,1.4951133394954894,False,-1.5692786490504826,False,1,False
2025-01-05,AmazonEC2,84.24,False,0.2595987368108439,False,-1.8781534065662266,False,1,False
2025-01-06,AmazonEC2,119.34,False,-1.1251388289880708,False,-0.6291322096995664,False,1,False
2025-01-07,AmazonEC2,128.51,False,-0.8081363051237531,False,-0.3028209739369665,False,1,False
2025-01-08,AmazonEC2,124.56,False,2.9047018292258286,False,-0.4433803393963196,False,1,False
2025-01-09,AmazonEC2,118.48,False,-0.9286074137138058,False,-0.6597350082552738,False,1,False
2025-01-10,AmazonEC2,123.64,False,2.308238360147186,False,-0.47611821692102985,False,1,False
2025-01-11,AmazonEC2,83.71,False,-4.737831993124303,False,-1.8970132707924185,False,1,False
2025-01-12,AmazonEC2,83.81,False,0.2590183320107968,False,-1.89345480584408,False,1,False
2025-01-13,AmazonEC2,122.45,False,4.406231578485759,False,-0.5184639498062527,False,1,False
2025-01-14,AmazonEC2,111.77,False,-15.04303687372699,False,-0.898508006288758,False,1,False
2025-01-15,AmazonEC2,112.82,False,-6.241208332541248,False,-0.8611441243312085,False,1,False
2025-01-16,AmazonEC2,118.73,False,0.0835178818526856,False,-0.6508388458844285,False,1,False
2025-01-17,AmazonEC2,116.59,False,-1.332939140530101,False,-0.7269899957788631,False,1,False
2025-01-18,AmazonEC2,88.32,False,2.9697553647128956,False,-1.7329680366740339,False,1,False
2025-01-19,AmazonEC2,82.32,False,-1.790903179190508,False,-1.9464759335743176,False,1,False
2025-01-20,AmazonEC2,114.9,False,-2.8372220850515504,False,-0.7871280534057763,False,1,False
2025-01-21,AmazonEC2,129.39,False,2.5755388888400716,False,-0.27150648239159175,False,1,False
2025-01-22,AmazonEC2,121.04,False,1.9529209218323018,False,-0.5686383055778192,False,1,False
2025-01-23,AmazonEC2,122.61,False,1.5202797613451366,False,-0.5127704058889119,False,1,False
2025-01-24,AmazonEC2,115.25,False,-2.187443398491041,False,-0.7746734260865933,False,1,False
2025-01-25,AmazonEC2,84.75,False,-0.40021461644711565,False,-1.8600052353297023,False,1,False
2025-01-26,AmazonEC2,88.13,False,1.8064066066928461,False,-1.739729120075876,False,1,False
2025-01-27,AmazonEC2,116.93,False,-1.136132253603364,False,-0.7148912149545136,False,1,False
2025-01-28,AmazonEC2,124.66,False,-2.388869628284766,False,-0.4398218744479817,False,1,False
2025-01-29,AmazonEC2,119.88,False,0.5400017106071147,False,-0.6099164989785412,False,1,False
2025-01-30,AmazonEC2,121.53,False,-0.8413134477297035,False,-0.5512018273309629,False,1,False
2025-01-31,AmazonEC2,120.08,False,3.7020558643360317,False,-0.6027995690818649,False,1,False
2025-02-01,AmazonEC2,97.46,False,13.220712072942689,False,-1.4077243403959347,False,1,False
2025-02-02,AmazonEC2,88.23,False,0.43565540006983383,False,-1.7361706551275378,False,1,False
2025-02-03,AmazonEC2,118.11,False,-2.7845574603754386,False,-0.6729013285641248,False,1,False
2025-02-04,AmazonEC2,127.62,False,1.7622815096209905,False,-0.3344913119771748,False,1,False
2025-02-05,AmazonEC2,117.5,False,-1.715602843812647,False,-0.6946079647489869,False,1,False
2025-02-06,AmazonEC2,124.76,False,1.933892344321137,False,-0.4362634094996434,False,1,False
2025-02-07,AmazonEC2,114.02,False,-2.91490514010394,False,-0.8184425449511517,False,1,False
2025-02-08,AmazonEC2,82.28,False,-1.7499602280477404,False,-1.9478993195536525,False,-1,True
2025-02-09,AmazonEC2,90.0,False,1.1074402130397374,False,-1.673185825541954,False,1,False
2025-02-10,AmazonEC2,127.82,False,2.904406102096303,False,-0.32737438208049907,False,1,False
2025-02-11,AmazonEC2,125.08,False,-1.3566681740791182,False,-0.4248763216649618,False,1,False
2025-02-12,AmazonEC2,123.75,False,4.457031749846735,False,-0.47220390547785795,False,1,False
2025-02-13,AmazonEC2,122.93,False,-1.2722646572550644,False,-0.5013833180542299,False,1,False
2025-02-14,AmazonEC2,117.14,False,-1.7675181332599266,False,-0.7074184385630039,False,1,False
2025-02-15,AmazonEC2,86.04,False,-0.4305335298895159,False,-1.814101037496141,False,1,False
2025-02-16,AmazonEC2,87.44,False,-1.8981520785062713,False,-1.7642825282194086,False,1,False
2025-02-17,AmazonEC2,130.13,False,2.680890153496634,False,-0.24517384177388973,False,1,False
2025-02-18,AmazonEC2,126.67,False,0.34198093238434524,False,-0.3682967289863865,False,1,False
2025-02-19,AmazonEC2,116.24,False,-3.808041081453524,False,-0.7394446230980467,False,1,False
2025-02-20,AmazonEC2,126.78,False,0.8845688920647632,False,-0.36438241754321465,False,1,False
2025-02-21,AmazonEC2,123.33,False,-0.41606721630428467,False,-0.4871494582608779,False,1,False
2025-02-22,AmazonEC2,171.98,True,80.6087330552758,True,1.2440437391055892,False,1,False
2025-02-23,AmazonEC2,93.52,False,1.5053434399785317,False,-1.5479278593604544,False,1,False
2025-02-24,AmazonEC2,130.72,False,0.6989237000023678,False,-0.22417889857869505,False,1,False
2025-02-25,AmazonEC2,130.33,False,3.3931029802584334,False,-0.238056911877213,False,1,False
2025-02-26,AmazonEC2,121.58,False,-0.11314400342391195,False,-0.549422594856794,False,1,False
2025-02-27,AmazonEC2,124.33,False,-3.606471439436575,False,-0.4515648087774973,False,1,False
2025-02-28,AmazonEC2,127.64,False,1.3335994813110688,False,-0.3337796189875073,False,1,False
2025-03-01,AmazonEC2,95.96,False,3.633169787255653,False,-1.4611013146210057,False,1,False
2025-03-02,AmazonEC2,88.79,False,-2.909334985864234,False,-1.7162432514168444,False,1,False
2025-03-03,AmazonEC2,125.36,False,-2.0198684851681463,False,-0.4149126198096152,False,1,False
2025-03-04,AmazonEC2,120.86,False,-3.1582978880592236,False,-0.575043542484828,False,1,False
2025-03-05,AmazonEC2,120.51,False,-1.300103727086281,False,-0.587498169804011,False,1,False
2025-03-06,AmazonEC2,130.66,False,2.1916461929453135,False,-0.22631397754769797,False,1,False
2025-03-07,AmazonEC2,133.48,False,5.889987575558223,False,-0.12596526600456484,False,1,False
2025-03-08,AmazonEC2,91.44,False,-3.82318478523068,False,-1.621943930285886,False,1,False
2025-03-09,AmazonEC2,96.92,False,2.009536819851661,False,-1.42694005111696,False,1,False
2025-03-10,AmazonEC2,128.82,False,-1.6020607116730332,False,-0.29178973259711843,False,1,False
2025-03-11,AmazonEC2,123.89,False,-2.3957655112797056,False,-0.4672220545501847,False,1,False
2025-03-12,AmazonEC2,129.02,False,2.6487274146216038,False,-0.2846728027004417,False,1,False
2025-03-13,AmazonEC2,135.01,False,3.1657436974549995,False,-0.07152075229499245,False,1,False
2025-03-14,AmazonEC2,127.24,False,-3.9272674048949057,False,-0.34801347878085975,False,1,False
2025-03-15,AmazonEC2,100.35,False,3.7181179928656007,False,-1.3048847033889648,False,1,False
2025-03-16,AmazonEC2,79.53,False,-16.857620199072684,False,-2.045757105632949,False,-1,True
2025-03-17,AmazonEC2,131.84,False,-0.4807142726237572,False,-0.18432409115730858,False,1,False
2025-03-18,AmazonEC2,128.27,False,1.6714835869287157,False,-0.31136128981297717,False,1,False
2025-03-19,AmazonEC2,126.44,False,-0.62682162771317,False,-0.37648119836756416,False,1,False
2025-03-20,AmazonEC2,128.5,False,-1.0849193988492374,False,-0.3031768204318,False,1,False
2025-03-21,AmazonEC2,118.21,False,-11.29723357395612,False,-0.6693428636157869,False,1,False
2025-03-22,AmazonEC2,92.15,False,-2.39386430168787,False,-1.5966788291526854,False,1,False
2025-03-23,AmazonEC2,95.14,False,1.5128860411792715,False,-1.4902807271973777,False,1,False
2025-03-24,AmazonEC2,135.84,False,4.069009840326217,False,-0.041985493223786086,False,1,False
2025-03-25,AmazonEC2,125.97,False,-1.4665124768131506,False,-0.393205983624753,False,1,False
2025-03-26,AmazonEC2,124.62,False,-3.5647749735340994,False,-0.44124526042731665,False,1,False
2025-03-27,AmazonEC2,126.25,False,-1.549404082987138,False,-0.3832422817694064,False,1,False
2025-03-28,AmazonEC2,133.44,False,4.195425072216565,False,-0.1273886519838998,False,1,False
2025-03-29,AmazonEC2,95.61,False,1.2299542090501063,False,-1.473555941940189,False,1,False
2025-03-30,AmazonEC2,91.42,False,-1.1067379741675012,False,-1.6226556232755536,False,1,False
2025-03-31,AmazonEC2,131.74,False,-0.619870746184688,False,-0.18788255610564644,False,1,False
2025-04-01,AmazonEC2,129.76,False,0.5703045593279654,False,-0.25834016208274074,False,1,False
2025-04-02,AmazonEC2,134.22,False,4.7923724377042305,False,-0.09963262538686286,False,1,False
2025-04-03,AmazonEC2,125.97,False,-2.2615550819808163,False,-0.393205983624753,False,1,False
2025-04-04,AmazonEC2,127.95,False,-0.6546173729202991,False,-0.32274837764765923,False,1,False
2025-04-05,AmazonEC2,92.73,False,-0.7332865939736308,False,-1.5760397324523248,False,1,False
2025-04-06,AmazonEC2,87.48,False,-3.476859778546981,False,-1.7628591422400732,False,1,False
2025-04-07,AmazonEC2,131.38,False,2.828828389086752,False,-0.20069302991966395,False,1,False
2025-04-08,AmazonEC2,131.31,False,2.7632693637615517,False,-0.20318395538350037,False,1,False
2025-04-09,AmazonEC2,130.13,False,0.1872670316714391,False,-0.24517384177388973,False,1,False
2025-04-10,AmazonEC2,129.03,False,-2.0442781397439234,False,-0.2843169562056082,False,1,False
2025-04-11,AmazonEC2,123.23,False,-4.089220796660442,False,-0.49070792320921575,False,1,False
2025-04-12,AmazonEC2,93.31,False,-0.5458686993377313,False,-1.555400635751964,False,1,False
2025-04-13,AmazonEC2,93.8,False,1.83483681784584,False,-1.5379641575051077,False,1,False
2025-04-14,AmazonEC2,126.61,False,-0.10923827976557732,False,-0.3704318079553894,False,1,False
2025-04-15,AmazonEC2,129.92,False,-1.3568323113896668,False,-0.25264661816539996,False,1,False
2025-04-16,AmazonEC2,132.84,False,0.2597808115682625,False,-0.14873944167392797,False,1,False
2025-04-17,AmazonEC2,140.36,False,1.8378635728681019,False,0.11885712244109471,False,1,False
2025-04-18,AmazonEC2,131.9,False,2.76237767318716,False,-0.18218901218830566,False,1,False
2025-04-19,AmazonEC2,97.42,False,0.3839438489377329,False,-1.4091477263752699,False,1,False
2025-04-20,AmazonEC2,95.86,False,1.199314627107654,False,-1.4646597795693437,False,1,False
2025-04-21,AmazonEC2,121.75,False,-5.335708551468883,False,-0.5433732044446192,False,1,False
2025-04-22,AmazonEC2,131.31,False,-1.8795022164635355,False,-0.20318395538350037,False,1,False
2025-04-23,AmazonEC2,131.85,False,-1.0572866894444672,False,-0.1839682446624751,False,1,False
2025-04-24,AmazonEC2,143.97,False,4.881555331817836,False,0.24731770707609824,False,1,False
2025-04-25,AmazonEC2,130.79,False,-0.07010750974818336,False,-0.22168797311485866,False,1,False
2025-04-26,AmazonEC2,98.36,False,-1.2966343555933406,False,-1.375698155860892,False,1,False
2025-04-27,AmazonEC2,96.79,False,1.3373781218263616,False,-1.4315660555497993,False,1,False
2025-04-28,AmazonEC2,126.22,False,-3.6079502011118194,False,-0.3843098212539079,False,1,False
2025-04-29,AmazonEC2,137.88,False,3.9027627009749324,False,0.030607191722310106,False,1,False
2025-04-30,AmazonEC2,136.03,False,2.060389421236991,False,-0.03522440982194385,False,1,False
2025-05-01,AmazonEC2,288.33,True,150.32244658703937,True,5.384317706496925,True,-1,True
2025-05-02,AmazonEC2,127.93,False,-5.3830413361545055,False,-0.32346007063732674,False,1,False
2025-05-03,AmazonEC2,104.59,False,5.574481971295896,False,-1.1540057895794307,False,1,False
2025-05-04,AmazonEC2,90.67,False,-2.622321494250116,False,-1.649344110388089,False,1,False
2025-05-05,AmazonEC2,135.72,False,5.220124463509791,False,-0.04625565116179192,False,1,False
2025-05-06,AmazonEC2,143.84,False,13.690969370759987,False,0.24269170264325893,False,1,False
2025-05-07,AmazonEC2,128.04,False,-3.588815797650568,False,-0.3195457591941554,False,1,False
2025-05-08,AmazonEC2,130.26,False,-1.779363194368841,False,-0.24054783734105042,False,1,False
2025-05-09,AmazonEC2,133.69,False,0.2783130132973213,False,-0.11849248961305463,False,1,False
2025-05-10,AmazonEC2,95.78,False,-0.23416208820120232,False,-1.4675065515280141,False,1,False
2025-05-11,AmazonEC2,90.65,False,-1.4153421549130059,False,-1.6500558033777566,False,1,False
2025-05-12,AmazonEC2,133.85,False,0.4691214690983685,False,-0.11279894569571386,False,1,False
2025-05-13,AmazonEC2,128.3,False,-0.4206772688889373,False,-0.3102937503284757,False,1,False
2025-05-14,AmazonEC2,136.08,False,3.5694881962222667,False,-0.03344517734777441,False,1,False
2025-05-15,AmazonEC2,129.22,False,-3.6963634446443336,False,-0.277555872803766,False,1,False
2025-05-16,AmazonEC2,141.67,False,4.083663172483483,False,0.1654730132643224,False,1,False
2025-05-17,AmazonEC2,95.1,False,-3.482833584782483,False,-1.491704113176713,False,1,False
2025-05-18,AmazonEC2,97.51,False,0.3489147334510818,False,-1.4059451079217653,False,1,False
2025-05-19,AmazonEC2,138.29,False,0.7255484549411477,False,0.04519689801049604,False,1,False
2025-05-20,AmazonEC2,128.18,False,-1.9580514074475417,False,-0.31456390826648156,False,1,False
2025-05-21,AmazonEC2,135.57,False,0.14395203171008575,False,-0.05159334858429922,False,1,False
2025-05-22,AmazonEC2,141.07,False,4.240905645504441,False,0.14412222357429422,False,1,False
2025-05-23,AmazonEC2,126.6,False,-13.573874292967375,False,-0.3707876544502234,False,1,False
2025-05-24,AmazonEC2,100.67,False,0.0662411923816677,False,-1.2934976155542828,False,1,False
2025-05-25,AmazonEC2,101.14,False,1.150619117794875,False,-1.276772830297094,False,1,False
2025-05-26,AmazonEC2,138.86,False,1.3763233249379567,False,0.06548014821602377,False,1,False
2025-05-27,AmazonEC2,128.87,False,-1.992735916934933,False,-0.290010500122949,False,1,False
2025-05-28,AmazonEC2,128.55,False,-6.668361326547185,False,-0.30139758795763055,False,1,False
2025-05-29,AmazonEC2,137.87,False,1.2741921185412082,False,0.030251345227476623,False,1,False
2025-05-30,AmazonEC2,136.85,False,-0.6851719250659869,False,-0.006044997245571978,False,1,False
2025-05-31,AmazonEC2,101.72,False,0.3693739583145401,False,-1.2561337335967333,False,1,False
2025-06-01,AmazonEC2,102.3,False,2.322659767435738,False,-1.2354946368963724,False,1,False
2025-06-02,AmazonEC2,132.27,False,-5.344262163911964,False,-0.16902269187945468,False,1,False
2025-06-03,AmazonEC2,136.93,False,5.0778607209465605,False,-0.003198225286901083,False,1,False
2025-06-04,AmazonEC2,137.34,False,1.4056591212888492,False,0.011391481001284853,False,1,False
2025-06-05,AmazonEC2,132.41,False,-4.534857417619989,False,-0.16404084095178187,False,1,False
2025-06-06,AmazonEC2,145.41,False,10.10431966568376,False,0.2985596023321663,False,1,False
2025-06-07,AmazonEC2,103.55,False,0.803762774212899,False,-1.1910138250421467,False,1,False
2025-06-08,AmazonEC2,95.33,False,-5.627313243049841,False,-1.4835196437955354,False,1,False
2025-06-09,AmazonEC2,139.67,False,1.2668362644065496,False,0.09430371429756114,False,1,False
2025-06-10,AmazonEC2,131.62,False,-2.841958900506498,False,-0.19215271404365228,False,1,False
2025-06-11,AmazonEC2,140.53,False,1.91960071967938,False,0.12490651285326897,False,1,False
2025-06-12,AmazonEC2,142.49,False,4.646178945343166,False,0.19465242584069528,False,1,False
2025-06-13,AmazonEC2,132.7,False,-3.8565798658920727,False,-0.15372129260160178,False,1,False
2025-06-14,AmazonEC2,106.72,False,2.6980047998694374,False,-1.07821048617983,False,1,False
2025-06-15,AmazonEC2,104.07,False,1.6016273068576226,False,-1.172509807310789,False,1,False
2025-06-16,AmazonEC2,141.22,False,1.4197207220443744,False,0.14945992099680153,False,1,False
2025-06-17,AmazonEC2,146.7,False,12.086235377564648,False,0.344463800165727,False,1,False
2025-06-18,AmazonEC2,136.09,False,-1.3187010948341964,False,-0.03308933085294093,False,1,False
2025-06-19,AmazonEC2,133.65,False,-2.4738888994368864,False,-0.11991587559238957,False,1,False
2025-06-20,AmazonEC2,133.08,False,-1.43269590643375,False,-0.1401991257979163,False,1,False
2025-06-21,AmazonEC2,98.55,False,-3.0210549402790434,False,-1.36893707245905,False,1,False
2025-06-22,AmazonEC2,102.35,False,-0.5609541576567239,False,-1.2337154044222036,False,1,False
2025-06-23,AmazonEC2,139.54,False,-0.8745646391874544,False,0.08967770986472183,False,1,False
2025-06-24,AmazonEC2,139.32,False,3.071685426087299,False,0.08184908697837813,False,1,False
2025-06-25,AmazonEC2,142.18,False,4.134065647718188,False,0.1836211845008472,False,1,False
2025-06-26,AmazonEC2,138.21,False,-1.0809622625214672,False,0.042350126051826156,False,1,False
2025-06-27,AmazonEC2,145.52,False,5.899056611353416,False,0.3024739137753386,False,1,False
2025-06-28,AmazonEC2,102.03,False,-2.516297757285159,False,-1.2451024922568852,False,1,False
2025-06-29,AmazonEC2,117.05,False,12.258998460046456,False,-0.7106210570165082,False,1,False
2025-06-30,AmazonEC2,141.69,False,0.9432222684175997,False,0.16618470625399037,False,1,False
2025-07-01,AmazonEC2,134.37,False,-2.508292023311043,False,-0.09429492796435557,False,1,False
2025-07-02,AmazonEC2,133.41,False,-2.278115065344096,False,-0.12845619146840126,False,1,False
2025-07-03,AmazonEC2,141.28,False,2.703956955319228,False,0.15159499996580444,False,1,False
2025-07-04,AmazonEC2,137.85,False,-2.575490937390626,False,0.029539652237808647,False,1,False
2025-07-05,AmazonEC2,107.64,False,3.726583543528534,False,-1.0454726086551198,False,1,False
2025-07-06,AmazonEC2,106.54,False,3.658577993921199,False,-1.0846157230868383,False,1,False
2025-07-07,AmazonEC2,138.91,False,-1.1938274503086035,False,0.06725938069019219,False,1,False
2025-07-08,AmazonEC2,135.15,False,-2.4548543364339537,False,-0.06653890136731863,False,1,False
2025-07-09,AmazonEC2,131.91,False,-2.8005549421107787,False,-0.1818331656934722,False,1,False
2025-07-10,AmazonEC2,137.36,False,-1.238123052701468,False,0.012103173990952829,False,1,False
2025-07-11,AmazonEC2,143.97,False,4.187265832042868,False,0.24731770707609824,False,1,False
2025-07-12,AmazonEC2,105.86,False,1.842954203948409,False,-1.1088132847355374,False,1,False
2025-07-13,AmazonEC2,98.67,False,-4.216061221391669,False,-1.364666914521044,False,1,False
2025-07-14,AmazonEC2,140.87,False,0.36488143611575197,False,0.1370052936776185,False,1,False
2025-07-15,AmazonEC2,142.03,False,1.3557065730519753,False,0.1782834870783399,False,1,False
2025-07-16,AmazonEC2,135.79,False,-1.0999205897650484,False,-0.043764725697955524,False,1,False
2025-07-17,AmazonEC2,141.08,False,1.3801405911088125,False,0.14447807006912872,False,1,False
2025-07-18,AmazonEC2,140.7,False,-0.2446291592635248,False,0.13095590326544324,False,1,False
2025-07-19,AmazonEC2,99.8,False,-6.419668700692782,False,-1.324456260604824,False,1,False
2025-07-20,AmazonEC2,289.62,True,184.9473121527843,True,5.4302219043304865,True,-1,True
2025-07-21,AmazonEC2,143.53,False,0.6136739370426767,False,0.23166046130341084,False,1,False
2025-07-22,AmazonEC2,146.24,False,3.1042501618183564,False,0.32809486140337263,False,1,False
2025-07-23,AmazonEC2,146.2,False,4.77772985185436,False,0.3266714754240367,False,1,False
2025-07-24,AmazonEC2,134.14,False,-8.731427314196637,False,-0.10247939734553375,False,1,False
2025-07-25,AmazonEC2,136.44,False,-6.966807916080285,False,-0.020634703533757914,False,1,False
2025-07-26,AmazonEC2,108.81,False,-0.14543891223226524,False,-1.0038385687595643,False,1,False
2025-07-27,AmazonEC2,108.91,False,2.7121481452532237,False,-1.0002801038112266,False,1,False
2025-07-28,AmazonEC2,144.02,False,-1.5366614233140297,False,0.24909693955026768,False,1,False
2025-07-29,AmazonEC2,160.81,False,17.644089003627215,False,0.8465632043762281,False,1,False
2025-07-30,AmazonEC2,144.5,False,0.394574191078533,False,0.26617757130229003,False,1,False
2025-07-31,AmazonEC2,147.43,False,2.9707871329151203,False,0.3704405942885955,False,1,False
2025-08-01,AmazonEC2,146.63,False,2.583308805857058,False,0.3419728747018906,False,1,False
2025-08-02,AmazonEC2,110.22,False,-3.0046414414755134,False,-0.9536642129879979,False,1,False
2025-08-03,AmazonEC2,105.49,False,0.1260897550970128,False,-1.1219796050443884,False,1,False
2025-08-04,AmazonEC2,145.96,False,0.6702708657256835,False,0.318131159548026,False,1,False
2025-08-05,AmazonEC2,138.4,False,-0.695266970314691,False,0.0491112094536684,False,1,False
2025-08-06,AmazonEC2,141.19,False,-0.5321788660445463,False,0.14839238151230005,False,1,False
2025-08-07,AmazonEC2,140.05,False,-3.117419575698932,False,0.10782588110124663,False,1,False
2025-08-08,AmazonEC2,142.99,False,0.8392387369211747,False,0.2124447505823856,False,1,False
2025-08-09,AmazonEC2,119.25,False,5.298486694543129,False,-0.6323348281530707,False,1,False
2025-08-10,AmazonEC2,98.45,False,-4.947033420047148,False,-1.3724955374073877,False,1,False
2025-08-11,AmazonEC2,146.32,False,0.7957776596191195,False,0.3309416333620425,False,1,False
2025-08-12,AmazonEC2,134.93,False,-2.755850296233632,False,-0.07436752425366233,False,1,False
2025-08-13,AmazonEC2,140.73,False,-1.0268689475111614,False,0.13202344274994468,False,1,False
2025-08-14,AmazonEC2,148.64,False,4.113853588298213,False,0.4134980201634853,False,1,False
2025-08-15,AmazonEC2,143.62,False,1.2010954730131402,False,0.23486307975691523,False,1,False
2025-08-16,AmazonEC2,103.01,False,-13.517025632274681,False,-1.210229535763172,False,1,False
2025-08-17,AmazonEC2,104.93,False,-1.35175433615791,False,-1.141907008755081,False,1,False
2025-08-18,AmazonEC2,147.01,False,-0.7948504393837652,False,0.35549504150557504,False,1,False
2025-08-19,AmazonEC2,140.06,False,-0.12582095595425358,False,0.10818172759608011,False,1,False
2025-08-20,AmazonEC2,144.9,False,2.0682236102710476,False,0.2804114310956425,False,1,False
2025-08-21,AmazonEC2,144.15,False,-2.4378736702996946,False,0.253722943983107,False,1,False
2025-08-22,AmazonEC2,140.76,False,-2.074643051627845,False,0.13309098223444615,False,1,False
2025-08-23,AmazonEC2,119.84,False,2.0836623371465066,False,-0.6113398849578761,False,1,False
2025-08-24,AmazonEC2,112.4,False,2.180009195332815,False,-0.8760896771142279,False,1,False
2025-08-25,AmazonEC2,134.2,False,-14.336703428764594,False,-0.10034431837653084,False,1,False
2025-08-26,AmazonEC2,145.37,False,2.583118492554263,False,0.29713621635283133,False,1,False
2025-08-27,AmazonEC2,141.23,False,-3.531524121451355,False,0.149815767491635,False,1,False
2025-08-28,AmazonEC2,148.9,False,2.3945357204621587,False,0.422750029029165,False,1,False
2025-08-29,AmazonEC2,140.78,False,-0.23516847120183115,False,0.13380267522411413,False,1,False
2025-08-30,AmazonEC2,109.27,False,-4.798508225568526,False,-0.9874696299972096,False,1,False
2025-08-31,AmazonEC2,112.47,False,1.5593802605075666,False,-0.8735987516503915,False,1,False
2025-09-01,AmazonEC2,149.38,False,4.265616857108341,False,0.4398306607811873,False,1,False
2025-09-02,AmazonEC2,139.15,False,-4.367503396054815,False,0.07579969656620386,False,1,False
2025-09-03,AmazonEC2,143.59,False,-2.0212916229037035,False,0.23379554027241375,False,1,False
2025-09-04,AmazonEC2,142.99,False,-2.5590554838225614,False,0.2124447505823856,False,1,False
2025-09-05,AmazonEC2,142.2,False,0.9364811795826427,False,0.18433287749051416,False,1,False
2025-09-06,AmazonEC2,119.39,False,7.115108421428317,False,-0.6273529772253975,False,1,False
2025-09-07,AmazonEC2,112.7,False,-1.4465496949419219,False,-0.8654142822692138,False,1,False
2025-09-08,AmazonEC2,139.47,False,-7.471032912358055,False,0.08718678440088543,False,1,False
2025-09-09,AmazonEC2,150.47,False,2.777399953786272,False,0.4786179287180723,False,1,False
2025-09-10,AmazonEC2,156.59,False,5.22073050913113,False,0.6963959835563619,False,1,False
2025-09-11,AmazonEC2,151.24,False,4.266481231852737,False,0.5060181088202758,False,1,False
2025-09-12,AmazonEC2,138.59,False,-6.136980077886022,False,0.05587229285551063,False,1,False
2025-09-13,AmazonEC2,108.87,False,-4.310752945590934,False,-1.0017034897905615,False,1,False
2025-09-14,AmazonEC2,117.73,False,4.31250599534161,False,-0.6864234953678092,False,1,False
2025-09-15,AmazonEC2,142.96,False,-1.414718647056759,False,0.21137721109788413,False,1,False
2025-09-16,AmazonEC2,148.82,False,1.7784434995783158,False,0.4199032570704941,False,1,False
2025-09-17,AmazonEC2,150.57,False,-1.1804574761714548,False,0.4821763936664102,False,1,False
2025-09-18,AmazonEC2,142.17,False,-1.46676811513845,False,0.18326533800601272,False,1,False
2025-09-19,AmazonEC2,146.61,False,2.580410933715143,False,0.34126118171222364,False,1,False
2025-09-20,AmazonEC2,95.8,False,-15.232190114340284,False,-1.4667948585383466,False,1,False
2025-09-21,AmazonEC2,106.99,False,-3.920633383856938,False,-1.0686026308193175,False,1,False
2025-09-22,AmazonEC2,145.95,False,3.350087257910019,False,0.3177753130531915,False,1,False
2025-09-23,AmazonEC2,141.08,False,-5.358334272498837,False,0.14447807006912872,False,1,False
2025-09-24,AmazonEC2,155.58,False,5.1465434251949205,False,0.6604554875781478,False,1,False
2025-09-25,AmazonEC2,140.38,False,-2.378624578220524,False,0.11956881543076167,False,1,False
2025-09-26,AmazonEC2,145.43,False,-1.429431566572248,False,0.2992712953218342,False,1,False
2025-09-27,AmazonEC2,113.39,False,1.7759631143058243,False,-0.8408608741256812,False,1,False
2025-09-28,AmazonEC2,120.04,False,9.975924827051443,False,-0.6042229550611998,False,1,False
2025-09-29,AmazonEC2,140.76,False,-3.0592196114042167,False,0.13309098223444615,False,1,False
2025-09-30,AmazonEC2,153.86,False,6.974481373979728,False,0.5992498904667332,False,1,False
2025-10-01,AmazonEC2,148.2,False,-2.536346979783076,False,0.3978407743907979,False,1,False
2025-10-02,AmazonEC2,143.34,False,-2.2993727088883134,False,0.2248993779015686,False,1,False
2025-10-03,AmazonEC2,150.66,False,0.7079130472100701,False,0.4853790121199145,False,1,False
2025-10-04,AmazonEC2,114.45,False,1.3561323729454386,False,-0.8031411456732976,False,1,False
2025-10-05,AmazonEC2,110.56,False,-0.8223379859616955,False,-0.9415654321636483,False,1,False
2025-10-06,AmazonEC2,149.01,False,4.125085290725764,False,0.4266643404723363,False,1,False
2025-10-07,AmazonEC2,146.84,False,-2.5775898164557702,False,0.3494456510934008,False,1,False
2025-10-08,AmazonEC2,149.43,False,-1.687261834779349,False,0.4416098932553567,False,1,False
2025-10-09,AmazonEC2,152.28,False,4.229813277953866,False,0.5430261442829913,False,1,False
2025-10-10,AmazonEC2,157.0,False,6.5224812253686935,False,0.7109856898445478,False,1,False
2025-10-11,AmazonEC2,107.99,False,-4.372078062477101,False,-1.0330179813359368,False,1,False
2025-10-12,AmazonEC2,124.94,False,13.445023000177116,False,-0.4298581725926351,False,1,False
2025-10-13,AmazonEC2,139.62,False,-5.1228946477382635,False,0.09252448182339272,False,1,False
2025-10-14,AmazonEC2,148.73,False,-0.5961618811367373,False,0.4167006386169897,False,1,False
2025-10-15,AmazonEC2,152.53,False,3.2930069710102146,False,0.5519223066538365,False,1,False
2025-10-16,AmazonEC2,151.1,False,2.339760344196776,False,0.501036257892602,False,1,False
2025-10-17,AmazonEC2,146.68,False,-4.579909140623499,False,0.34375210717606003,False,1,False
2025-10-18,AmazonEC2,113.86,False,0.9141504385423218,False,-0.8241360888684924,False,1,False
2025-10-19,AmazonEC2,112.53,False,-1.1677405076142406,False,-0.8714636726813886,False,1,False
2025-10-20,AmazonEC2,147.16,False,-0.8508650641790041,False,0.3608327389280824,False,1,False
2025-10-21,AmazonEC2,154.45,False,2.834976207382198,False,0.6202448336619268,False,1,False
2025-10-22,AmazonEC2,152.09,False,0.3675320019263495,False,0.5362650608811491,False,1,False
2025-10-23,AmazonEC2,146.95,False,-5.186320209544277,False,0.35335996253657215,False,1,False
2025-10-24,AmazonEC2,155.01,False,1.6051168614707478,False,0.6401722373726201,False,1,False
2025-10-25,AmazonEC2,117.16,False,0.4044043246244655,False,-0.7067067455733365,False,1,False
2025-10-26,AmazonEC2,119.79,False,2.2571056822575315,False,-0.6131191174320451,False,1,False
2025-10-27,AmazonEC2,153.97,False,0.8788537398679921,False,0.6031642019099045,False,1,False
2025-10-28,AmazonEC2,317.93,True,163.98386363315186,True,6.437623331204992,True,-1,True
2025-10-29,AmazonEC2,148.23,False,-4.463290875629639,False,0.3989083138752994,False,1,False
2025-10-30,AmazonEC2,154.87,False,2.564239287615635,False,0.6351903864449473,False,1,False
2025-10-31,AmazonEC2,154.29,False,1.489104150568238,False,0.6145512897445861,False,1,False
2025-11-01,AmazonEC2,116.24,False,-1.8525124839823945,False,-0.7394446230980467,False,1,False
2025-11-02,AmazonEC2,117.03,False,-1.176304805814027,False,-0.7113327500061757,False,1,False
2025-11-03,AmazonEC2,157.93,False,3.2423094343623973,False,0.744079413864092,False,1,False
2025-11-04,AmazonEC2,148.69,False,-5.442890051985387,False,0.41527725263765475,False,1,False
2025-11-05,AmazonEC2,154.49,False,2.719424635140115,False,0.6216682196412627,False,1,False
2025-11-06,AmazonEC2,150.84,False,-2.7083510752405004,False,0.4917842490269233,False,1,False
2025-11-07,AmazonEC2,150.87,False,-1.7154451057973858,False,0.49285178851142475,False,1,False
2025-11-08,AmazonEC2,122.56,False,2.985803750615986,False,-0.5145496383630809,False,1,False
2025-11-09,AmazonEC2,121.29,False,0.9494210433237811,False,-0.5597421432069741,False,1,False
2025-11-10,AmazonEC2,156.34,False,-0.907214765546712,False,0.6874998211855168,False,1,False
2025-11-11,AmazonEC2,158.9,False,2.9018168736396888,False,0.7785965238629712,False,1,False
2025-11-12,AmazonEC2,152.58,False,-0.8015645544613506,False,0.5537015391280059,False,1,False
2025-11-13,AmazonEC2,155.99,False,1.387868540570821,False,0.6750451938663338,False,1,False
2025-11-14,AmazonEC2,151.13,False,0.2597771271610725,False,0.5021037973771034,False,1,False
2025-11-15,AmazonEC2,119.4,False,1.1775976433970072,False,-0.6269971307305635,False,1,False
2025-11-16,AmazonEC2,117.24,False,-1.6329887094136382,False,-0.703859973614666,False,1,False
2025-11-17,AmazonEC2,153.47,False,-1.6480210584899453,False,0.5853718771682141,False,1,False
2025-11-18,AmazonEC2,156.07,False,1.2727503136645737,False,0.6778919658250037,False,1,False
2025-11-19,AmazonEC2,149.1,False,-1.9921353124699976,False,0.4298669589258407,False,1,False
2025-11-20,AmazonEC2,163.76,False,11.165705290689942,False,0.9515379203522005,False,1,False
2025-11-21,AmazonEC2,148.37,False,-1.27360719422731,False,0.4038901648029732,False,1,False
2025-11-22,AmazonEC2,112.43,False,-5.013462898133071,False,-0.8750221376297264,False,1,False
2025-11-23,AmazonEC2,124.4,False,5.823846149650194,False,-0.4490738833136604,False,1,False
2025-11-24,AmazonEC2,157.67,False,0.6328285369361026,False,0.7348274049984124,False,1,False
2025-11-25,AmazonEC2,156.94,False,0.25338780486012524,False,0.7088506108755449,False,1,False
2025-11-26,AmazonEC2,157.06,False,3.9527588975161336,False,0.7131207688135508,False,1,False
2025-11-27,AmazonEC2,153.96,False,-0.6949427277546931,False,0.602808355415071,False,1,False
2025-11-28,AmazonEC2,149.64,False,-3.142687667625836,False,0.44908266964686594,False,1,False
2025-11-29,AmazonEC2,119.61,False,2.4631162179543935,False,-0.6195243543390537,False,1,False
2025-11-30,AmazonEC2,115.94,False,-1.7438119125198455,False,-0.7501200179430607,False,1,False
2025-12-01,AmazonEC2,159.31,False,2.5602167956391213,False,0.7931862301511572,False,1,False
2025-12-02,AmazonEC2,153.8,False,-1.7070124430639453,False,0.5971148114977303,False,1,False
2025-12-03,AmazonEC2,150.51,False,-2.2395259348358536,False,0.48004131469740724,False,1,False
2025-12-04,AmazonEC2,153.14,False,-0.7301357444493703,False,0.5736289428386981,False,1,False
2025-12-05,AmazonEC2,156.91,False,2.34300816371686,False,0.7077830713910435,False,1,False
2025-12-06,AmazonEC2,117.13,False,0.24466964558212112,False,-0.7077742850578379,False,1,False
2025-12-07,AmazonEC2,115.94,False,-0.6044349589654701,False,-0.7501200179430607,False,1,False
2025-12-08,AmazonEC2,156.37,False,0.8650563390778245,False,0.6885673606700182,False,1,False
2025-12-09,AmazonEC2,156.48,False,1.5458076421403462,False,0.6924816721131896,False,1,False
2025-12-10,AmazonEC2,152.83,False,0.6481163066132751,False,0.562597701498851,False,1,False
2025-12-11,AmazonEC2,153.11,False,-1.4480100016045299,False,0.5725614033541977,False,1,False
2025-12-12,AmazonEC2,156.73,False,1.3676502690882728,False,0.7013778344840347,False,1,False
2025-12-13,AmazonEC2,113.43,False,-2.8942477545080862,False,-0.8394374881463458,False,1,False
2025-12-14,AmazonEC2,113.74,False,-2.7259591111860857,False,-0.8284062468064982,False,1,False
2025-12-15,AmazonEC2,152.28,False,-1.1036169057018128,False,0.5430261442829913,False,1,False
2025-12-16,AmazonEC2,154.91,False,-0.6979041365451906,False,0.6366137724242822,False,1,False
2025-12-17,AmazonEC2,340.39,True,186.0213635810443,True,7.2368545586017206,True,-1,True
2025-12-18,AmazonEC2,163.56,False,6.347018045905827,False,0.9444209904555249,False,1,False
2025-12-19,AmazonEC2,160.58,False,2.6371776301069474,False,0.8383787349950509,False,1,False
2025-12-20,AmazonEC2,120.59,False,0.18422396294289456,False,-0.5846513978453406,False,1,False
2025-12-21,AmazonEC2,121.4,False,0.2038866369762502,False,-0.5558278317638022,False,1,False
2025-12-22,AmazonEC2,151.59,False,-2.433226110662247,False,0.5184727361394588,False,1,False
2025-12-23,AmazonEC2,156.61,False,-0.27178607092520224,False,0.6971076765460299,False,1,False
2025-12-24,AmazonEC2,155.36,False,-1.2773953856486457,False,0.6526268646918041,False,1,False
2025-12-25,AmazonEC2,158.52,False,-0.15390669503210574,False,0.7650743570592867,False,1,False
2025-12-26,AmazonEC2,152.87,False,-5.682801195633374,False,0.564021087478186,False,1,False
2025-12-27,AmazonEC2,124.71,False,1.4173525867000194,False,-0.4380426419738128,False,1,False
2025-12-28,AmazonEC2,129.88,False,6.864597117394823,False,-0.2540700041447349,False,1,False
2025-12-29,AmazonEC2,156.78,False,1.2202215193210293,False,0.7031570669582041,False,1,False
2025-12-30,AmazonEC2,159.43,False,0.7908651474960493,False,0.797456388089163,False,1,False
2025-12-31,AmazonEC2,160.98,False,1.7849939041133212,False,0.8526125947884023,False,1,False
2026-01-01,AmazonEC2,155.62,False,-3.962522297358362,False,0.6618788735574828,False,1,False
2026-01-02,AmazonEC2,158.85,False,0.35401548917437253,False,0.7768172913888017,False,1,False
2026-01-03,AmazonEC2,122.9,False,-2.2630702801268967,False,-0.5024508575387313,False,1,False
2026-01-04,AmazonEC2,123.43,False,1.1495762944072965,False,-0.4835909933125395,False,1,False
2026-01-05,AmazonEC2,154.18,False,-3.2786663222817083,False,0.6106369783014147,False,1,False
2026-01-06,AmazonEC2,158.27,False,-1.2382974788379215,False,0.7561781946884416,False,1,False
2026-01-07,AmazonEC2,160.74,False,-0.6529175429235465,False,0.8440722789123917,False,1,False
2026-01-08,AmazonEC2,165.61,False,4.4585843059934405,False,1.0173695218964556,False,1,False
2026-01-09,AmazonEC2,163.25,False,0.9645024599650185,False,0.9333897491156767,False,1,False
2026-01-10,AmazonEC2,134.32,False,5.7315985571747206,False,-0.096074160438525,False,1,False
2026-01-11,AmazonEC2,119.82,False,-2.3863181935319915,False,-0.6120515779475441,False,1,False
2026-01-12,AmazonEC2,163.12,False,4.450570514135762,False,0.9287637446828374,False,1,False
2026-01-13,AmazonEC2,159.78,False,1.2900542352358002,False,0.809911015408346,False,1,False
2026-01-14,AmazonEC2,169.92,False,11.857524182678276,False,1.1707393611698251,False,1,False
2026-01-15,AmazonEC2,155.03,False,-2.6288112071185594,False,0.6408839303622881,False,1,False
2026-01-16,AmazonEC2,154.98,False,-4.868777865518439,False,0.6391046978881186,False,1,False
2026-01-17,AmazonEC2,121.28,False,-2.5746121337860473,False,-0.5600979897018081,False,1,False
2026-01-18,AmazonEC2,113.76,False,-2.425054684009268,False,-0.8276945538168302,False,1,False
2026-01-19,AmazonEC2,156.86,False,1.2420954909236457,False,0.706003838916875,False,1,False
2026-01-20,AmazonEC2,155.79,False,-2.9360793405499805,False,0.667928263969657,False,1,False
2026-01-21,AmazonEC2,160.44,False,2.4316813650524125,False,0.8333968840673771,False,1,False
2026-01-22,AmazonEC2,161.5,False,2.144683644715684,False,0.8711166125197607,False,1,False
2026-01-23,AmazonEC2,169.28,False,4.29099439071814,False,1.147965185500462,False,1,False
2026-01-24,AmazonEC2,129.75,False,1.7609134336768761,False,-0.25869600857757424,False,1,False
2026-01-25,AmazonEC2,122.22,False,1.1392589031306954,False,-0.5266484191874303,False,1,False
2026-01-26,AmazonEC2,155.71,False,-2.707769865346762,False,0.6650814920109871,False,1,False
2026-01-27,AmazonEC2,162.77,False,1.3630713305369682,False,0.9163091173636544,False,1,False
2026-01-28,AmazonEC2,153.81,False,-2.5790689933143938,False,0.5974706579925637,False,1,False
2026-01-29,AmazonEC2,169.67,False,12.584832502388707,False,1.16184319879898,False,1,False
2026-01-30,AmazonEC2,166.52,False,3.9027006639669253,False,1.0497515529263317,False,1,False
2026-01-31,AmazonEC2,123.38,False,-1.4194718994294817,False,-0.48537022578670896,False,1,False
2026-02-01,AmazonEC2,117.26,False,-2.745289421716592,False,-0.703148280624998,False,1,False
2026-02-02,AmazonEC2,167.7,False,13.310667170108388,False,1.0917414393167202,False,1,False
2026-02-03,AmazonEC2,160.46,False,1.3985122561148557,False,0.8341085770570451,False,1,False
2026-02-04,AmazonEC2,167.32,False,12.15479790663565,False,1.0782192725130357,False,1,False
2026-02-05,AmazonEC2,153.26,False,-3.171844126846338,False,0.5778991007767039,False,1,False
2026-02-06,AmazonEC2,158.34,False,-3.0173343431586375,False,0.7586691201522779,False,1,False
2026-02-07,AmazonEC2,126.47,False,-0.349266069315604,False,-0.3754136588830627,False,1,False
2026-02-08,AmazonEC2,126.78,False,3.515375874030582,False,-0.36438241754321465,False,1,False
2026-02-09,AmazonEC2,159.4,False,1.4544295704313868,False,0.7963888486046615,False,1,False
2026-02-10,AmazonEC2,164.87,False,3.497377629416434,False,0.9910368812787536,False,1,False
2026-02-11,AmazonEC2,156.52,False,-4.521162978503554,False,0.6939050580925255,False,1,False
2026-02-12,AmazonEC2,161.25,False,0.9447014694755183,False,0.8622204501489155,False,1,False
2026-02-13,AmazonEC2,162.66,False,1.9346470725440668,False,0.912394805920482,False,1,False
2026-02-14,AmazonEC2,129.74,False,0.23643146204554455,False,-0.2590518550724077,False,1,False
2026-02-15,AmazonEC2,292.8,True,167.24193956397323,True,5.543381089687637,True,-1,True
2026-02-16,AmazonEC2,156.75,False,-4.066001083257845,False,0.7020895274737027,False,1,False
2026-02-17,AmazonEC2,154.8,False,-5.371365548255767,False,0.6326994609811109,False,1,False
2026-02-18,AmazonEC2,168.97,False,4.195552024435955,False,1.1369339441606139,False,1,False
2026-02-19,AmazonEC2,164.34,False,-0.3821850055921061,False,0.9721770170525618,False,1,False
2026-02-20,AmazonEC2,159.04,False,-1.7856573824500401,False,0.7835783747906441,False,1,False
2026-02-21,AmazonEC2,135.64,False,3.04634274636814,False,-0.04910242312046282,False,1,False
2026-02-22,AmazonEC2,128.57,False,-1.1488016992421421,False,-0.3006858949679636,False,1,False
2026-02-23,AmazonEC2,168.99,False,1.673612368255533,False,1.1376456371502819,False,1,False
2026-02-24,AmazonEC2,163.53,False,-0.29070711125245907,False,0.9433534509710234,False,1,False
2026-02-25,AmazonEC2,173.6,False,1.2026022436532742,False,1.3016908712686661,False,1,False
2026-02-26,AmazonEC2,172.18,False,1.0445834358377226,False,1.251160669002266,False,1,False
2026-02-27,AmazonEC2,162.26,False,0.026027964307530738,False,0.8981609461271296,False,1,False
2026-02-28,AmazonEC2,133.47,False,0.7515866857519882,False,-0.12632111249939834,False,1,False
2026-03-01,AmazonEC2,131.94,False,3.6541769960905697,False,-0.18076562620897074,False,1,False
2026-03-02,AmazonEC2,170.66,False,3.0690986982425557,False,1.1970720017875272,False,1,False
2026-03-03,AmazonEC2,159.09,False,-4.265106181297995,False,0.7853576072648135,False,1,False
2026-03-04,AmazonEC2,167.45,False,-2.049120203380909,False,1.082845276945875,False,1,False
2026-03-05,AmazonEC2,169.42,False,3.2581815478726526,False,1.1529470364281347,False,1,False
2026-03-06,AmazonEC2,155.43,False,-3.1879702279110234,False,0.6551177901556405,False,1,False
2026-03-07,AmazonEC2,123.41,False,-2.173852222565131,False,-0.4843026863022075,False,1,False
2026-03-08,AmazonEC2,119.24,False,-3.245416835231566,False,-0.6326906746479047,False,1,False
2026-03-09,AmazonEC2,163.19,False,-2.399342094056834,False,0.9312546701466738,False,1,False
2026-03-10,AmazonEC2,168.23,False,4.57121236049835,False,1.1106013035429119,False,1,False
2026-03-11,AmazonEC2,172.25,False,4.52631484953173,False,1.2536515944661024,False,1,False
2026-03-12,AmazonEC2,165.22,False,0.8472840388581062,False,1.0034915085979366,False,1,False
2026-03-13,AmazonEC2,173.09,False,11.301216128037254,False,1.2835427000321422,False,1,False
2026-03-14,AmazonEC2,123.15,False,-2.1269799252878556,False,-0.49355469516788614,False,1,False
2026-03-15,AmazonEC2,121.64,False,-0.9093806541106915,False,-0.5472875158877911,False,1,False
2026-03-16,AmazonEC2,164.98,False,-0.7744320522561452,False,0.9949511927219249,False,1,False
2026-03-17,AmazonEC2,167.28,False,3.1771714437655305,False,1.0767958865337006,False,1,False
2026-03-18,AmazonEC2,165.3,False,-0.3360370384601197,False,1.0063382805566075,False,1,False
2026-03-19,AmazonEC2,155.23,False,-6.4723676275865785,False,0.6480008602589638,False,1,False
2026-03-20,AmazonEC2,165.22,False,2.610195829838517,False,1.0034915085979366,False,1,False
2026-03-21,AmazonEC2,124.25,False,-0.6415158186468375,False,-0.45441158073616766,False,1,False
2026-03-22,AmazonEC2,134.22,False,11.991412376997431,False,-0.09963262538686286,False,1,False
2026-03-23,AmazonEC2,167.81,False,0.9897951567208167,False,1.0956557507598925,False,1,False
2026-03-24,AmazonEC2,161.38,False,-2.718635433805389,False,0.8668464545817548,False,1,False
2026-03-25,AmazonEC2,163.62,False,-0.47795341961548843,False,0.9465560694245277,False,1,False
2026-03-26,AmazonEC2,160.99,False,-1.10751397341744,False,0.8529684412832369,False,1,False
2026-03-27,AmazonEC2,166.08,False,1.3136526701357525,False,1.0340943071536444,False,1,False
2026-03-28,AmazonEC2,136.27,False,8.712815404396935,False,-0.026684093945932175,False,1,False
2026-03-29,AmazonEC2,126.67,False,0.8451765363105324,False,-0.3682967289863865,False,1,False
2026-03-30,AmazonEC2,169.22,False,-1.2848917495020942,False,1.1458301065314591,False,1,False
2026-03-31,AmazonEC2,164.15,False,-0.488969497405634,False,0.9654159336507195,False,1,False
2026-04-01,AmazonEC2,162.94,False,-0.627004365072338,False,0.9223585077758286,False,1,False
2026-04-02,AmazonEC2,166.48,False,2.141496241860551,False,1.0483281669469957,False,1,False
2026-04-03,AmazonEC2,161.94,False,-2.4246035290940426,False,0.886773858292448,False,1,False
2026-04-04,AmazonEC2,129.45,False,-0.6417028096957154,False,-0.2693714034225888,False,1,False
2026-04-05,AmazonEC2,126.33,False,-3.643560254459942,False,-0.380395509810736,False,1,False
2026-04-06,AmazonEC2,177.25,False,4.241255941050326,False,1.4315748418830054,False,1,False
2026-04-07,AmazonEC2,167.7,False,1.4496047940980077,False,1.0917414393167202,False,1,False
2026-04-08,AmazonEC2,164.13,False,-1.5855264289874071,False,0.9647042406610515,False,1,False
2026-04-09,AmazonEC2,168.8,False,0.7272539267857212,False,1.1308845537484395,False,1,False
2026-04-10,AmazonEC2,167.27,False,2.910602810342084,False,1.0764400400388672,False,1,False
2026-04-11,AmazonEC2,131.83,False,-2.2350642252181103,False,-0.18467993765214208,False,1,False
2026-04-12,AmazonEC2,136.11,False,2.5945280939479574,False,-0.032377637863272954,False,1,False
2026-04-13,AmazonEC2,171.93,False,-0.38051842939268,False,1.2422645066314209,False,1,False
2026-04-14,AmazonEC2,165.59,False,0.1555460776394284,False,1.0166578289067876,False,1,False
2026-04-15,AmazonEC2,165.47,False,-2.045547129115903,False,1.0123876709687818,False,1,False
2026-04-16,AmazonEC2,167.08,False,-1.6103029783973,False,1.069678956637025,False,1,False
2026-04-17,AmazonEC2,157.05,False,-9.05000725923972,False,0.7127649223187172,False,1,False
2026-04-18,AmazonEC2,126.08,False,-11.198608386745548,False,-0.38929167218158117,False,1,False
2026-04-19,AmazonEC2,140.6,False,3.4655362838513497,False,0.12739743831710537,False,1,False
2026-04-20,AmazonEC2,177.09,False,3.9324917710169984,False,1.4258812979656648,False,1,False
2026-04-21,AmazonEC2,167.72,False,0.29250729359290517,False,1.0924531323063882,False,1,False
2026-04-22,AmazonEC2,171.95,False,0.029970351426527486,False,1.2429761996210877,False,1,False
2026-04-23,AmazonEC2,170.73,False,0.6167465786940909,False,1.1995629272513635,False,1,False
2026-04-24,AmazonEC2,184.67,False,18.60868070922504,False,1.6956129410496894,False,-1,True
2026-04-25,AmazonEC2,139.98,False,1.516827035046532,False,0.10533495563740922,False,1,False
2026-04-26,AmazonEC2,133.84,False,-2.8635625956099773,False,-0.11315479219054733,False,1,False
2026-04-27,AmazonEC2,164.81,False,-3.052178711808409,False,0.9889018023097506,False,1,False
2026-04-28,AmazonEC2,161.66,False,-0.36373303361904163,False,0.8768101564371015,False,1,False
2026-04-29,AmazonEC2,170.81,False,1.424339758784896,False,1.2024096992100344,False,1,False
2026-04-30,AmazonEC2,166.12,False,0.3178640160779196,False,1.0355176931329793,False,1,False
2026-05-01,AmazonEC2,162.89,False,0.9832275491360178,False,0.9205792753016593,False,1,False
